"{""transaction_id"":1,""sender_account_id"":1,""receiver_account_id"":2,""transaction_type"":""TRANSFER"",""amount"":100000.00,""transaction_time"":""2026-01-01T14:58:45.157"",""description"":""Chuy?n kho?n"",""status"":""SUCCESS""}"
"{""transaction_id"":2,""sender_account_id"":2,""receiver_account_id"":3,""transaction_type"":""TRANSFER"",""amount"":200000.00,""transaction_time"":""2026-01-01T14:58:45.157"",""description"":""Chuy?n kho?n"",""status"":""SUCCESS""}"
"{""transaction_id"":3,""sender_account_id"":3,""receiver_account_id"":4,""transaction_type"":""TRANSFER"",""amount"":300000.00,""transaction_time"":""2026-01-01T14:58:45.157"",""description"":""Chuy?n kho?n"",""status"":""SUCCESS""}"
"{""transaction_id"":4,""sender_account_id"":4,""receiver_account_id"":5,""transaction_type"":""TRANSFER"",""amount"":400000.00,""transaction_time"":""2026-01-01T14:58:45.157"",""description"":""Chuy?n kho?n"",""status"":""SUCCESS""}"
"{""transaction_id"":5,""sender_account_id"":5,""receiver_account_id"":6,""transaction_type"":""TRANSFER"",""amount"":500000.00,""transaction_time"":""2026-01-01T14:58:45.157"",""description"":""Chuy?n kho?n"",""status"":""SUCCESS""}"
"{""transaction_id"":6,""sender_account_id"":6,""receiver_account_id"":7,""transaction_type"":""TRANSFER"",""amount"":600000.00,""transaction_time"":""2026-01-01T14:58:45.157"",""description"":""Chuy?n kho?n"",""status"":""SUCCESS""}"
"{""transaction_id"":7,""sender_account_id"":7,""receiver_account_id"":8,""transaction_type"":""TRANSFER"",""amount"":700000.00,""transaction_time"":""2026-01-01T14:58:45.157"",""description"":""Chuy?n kho?n"",""status"":""SUCCESS""}"
"{""transaction_id"":8,""sender_account_id"":8,""receiver_account_id"":9,""transaction_type"":""TRANSFER"",""amount"":800000.00,""transaction_time"":""2026-01-01T14:58:45.157"",""description"":""Chuy?n kho?n"",""status"":""SUCCESS""}"
"{""transaction_id"":9,""sender_account_id"":9,""receiver_account_id"":10,""transaction_type"":""TRANSFER"",""amount"":900000.00,""transaction_time"":""2026-01-01T14:58:45.157"",""description"":""Chuy?n kho?n"",""status"":""SUCCESS""}"
"{""transaction_id"":10,""sender_account_id"":10,""receiver_account_id"":11,""transaction_type"":""TRANSFER"",""amount"":1000000.00,""transaction_time"":""2026-01-01T14:58:45.157"",""description"":""Chuy?n kho?n"",""status"":""SUCCESS""}"
"{""transaction_id"":11,""sender_account_id"":11,""receiver_account_id"":12,""transaction_type"":""TRANSFER"",""amount"":1100000.00,""transaction_time"":""2026-01-01T14:58:45.157"",""description"":""Chuy?n kho?n"",""status"":""SUCCESS""}"
"{""transaction_id"":12,""sender_account_id"":12,""receiver_account_id"":13,""transaction_type"":""TRANSFER"",""amount"":1200000.00,""transaction_time"":""2026-01-01T14:58:45.157"",""description"":""Chuy?n kho?n"",""status"":""SUCCESS""}"
"{""transaction_id"":13,""sender_account_id"":13,""receiver_account_id"":14,""transaction_type"":""TRANSFER"",""amount"":1300000.00,""transaction_time"":""2026-01-01T14:58:45.157"",""description"":""Chuy?n kho?n"",""status"":""SUCCESS""}"
"{""transaction_id"":14,""sender_account_id"":14,""receiver_account_id"":15,""transaction_type"":""TRANSFER"",""amount"":1400000.00,""transaction_time"":""2026-01-01T14:58:45.157"",""description"":""Chuy?n kho?n"",""status"":""SUCCESS""}"
"{""transaction_id"":15,""sender_account_id"":15,""receiver_account_id"":16,""transaction_type"":""TRANSFER"",""amount"":1500000.00,""transaction_time"":""2026-01-01T14:58:45.157"",""description"":""Chuy?n kho?n"",""status"":""SUCCESS""}"
"{""transaction_id"":16,""sender_account_id"":16,""receiver_account_id"":17,""transaction_type"":""TRANSFER"",""amount"":1600000.00,""transaction_time"":""2026-01-01T14:58:45.157"",""description"":""Chuy?n kho?n"",""status"":""SUCCESS""}"
"{""transaction_id"":17,""sender_account_id"":17,""receiver_account_id"":18,""transaction_type"":""TRANSFER"",""amount"":1700000.00,""transaction_time"":""2026-01-01T14:58:45.157"",""description"":""Chuy?n kho?n"",""status"":""SUCCESS""}"
"{""transaction_id"":18,""sender_account_id"":18,""receiver_account_id"":19,""transaction_type"":""TRANSFER"",""amount"":1800000.00,""transaction_time"":""2026-01-01T14:58:45.157"",""description"":""Chuy?n kho?n"",""status"":""SUCCESS""}"
"{""transaction_id"":19,""sender_account_id"":19,""receiver_account_id"":20,""transaction_type"":""TRANSFER"",""amount"":1900000.00,""transaction_time"":""2026-01-01T14:58:45.157"",""description"":""Chuy?n kho?n"",""status"":""SUCCESS""}"
"{""transaction_id"":20,""sender_account_id"":20,""receiver_account_id"":21,""transaction_type"":""TRANSFER"",""amount"":2000000.00,""transaction_time"":""2026-01-01T14:58:45.157"",""description"":""Chuy?n kho?n"",""status"":""SUCCESS""}"
"{""transaction_id"":21,""sender_account_id"":21,""receiver_account_id"":22,""transaction_type"":""TRANSFER"",""amount"":2100000.00,""transaction_time"":""2026-01-01T14:58:45.157"",""description"":""Chuy?n kho?n"",""status"":""SUCCESS""}"
"{""transaction_id"":22,""sender_account_id"":22,""receiver_account_id"":23,""transaction_type"":""TRANSFER"",""amount"":2200000.00,""transaction_time"":""2026-01-01T14:58:45.157"",""description"":""Chuy?n kho?n"",""status"":""SUCCESS""}"
"{""transaction_id"":23,""sender_account_id"":23,""receiver_account_id"":24,""transaction_type"":""TRANSFER"",""amount"":2300000.00,""transaction_time"":""2026-01-01T14:58:45.157"",""description"":""Chuy?n kho?n"",""status"":""SUCCESS""}"
"{""transaction_id"":24,""sender_account_id"":24,""receiver_account_id"":25,""transaction_type"":""TRANSFER"",""amount"":2400000.00,""transaction_time"":""2026-01-01T14:58:45.157"",""description"":""Chuy?n kho?n"",""status"":""SUCCESS""}"
"{""transaction_id"":25,""sender_account_id"":25,""receiver_account_id"":26,""transaction_type"":""TRANSFER"",""amount"":2500000.00,""transaction_time"":""2026-01-01T14:58:45.157"",""description"":""Chuy?n kho?n"",""status"":""SUCCESS""}"
"{""transaction_id"":26,""sender_account_id"":26,""receiver_account_id"":27,""transaction_type"":""TRANSFER"",""amount"":2600000.00,""transaction_time"":""2026-01-01T14:58:45.157"",""description"":""Chuy?n kho?n"",""status"":""SUCCESS""}"
"{""transaction_id"":27,""sender_account_id"":27,""receiver_account_id"":28,""transaction_type"":""TRANSFER"",""amount"":2700000.00,""transaction_time"":""2026-01-01T14:58:45.157"",""description"":""Chuy?n kho?n"",""status"":""SUCCESS""}"
"{""transaction_id"":28,""sender_account_id"":28,""receiver_account_id"":29,""transaction_type"":""TRANSFER"",""amount"":2800000.00,""transaction_time"":""2026-01-01T14:58:45.157"",""description"":""Chuy?n kho?n"",""status"":""SUCCESS""}"
"{""transaction_id"":29,""sender_account_id"":29,""receiver_account_id"":30,""transaction_type"":""TRANSFER"",""amount"":2900000.00,""transaction_time"":""2026-01-01T14:58:45.157"",""description"":""Chuy?n kho?n"",""status"":""SUCCESS""}"
"{""transaction_id"":30,""sender_account_id"":30,""receiver_account_id"":1,""transaction_type"":""TRANSFER"",""amount"":3000000.00,""transaction_time"":""2026-01-01T14:58:45.157"",""description"":""Chuy?n kho?n"",""status"":""SUCCESS""}"
